{
  "project_info": {
    "project_number": "874207784080",
    "firebase_url": "https://alzhelp-firebase.firebaseio.com",
    "project_id": "alzhelp-firebase",
    "storage_bucket": "alzhelp-firebase.appspot.com"
  },
  "client": [
    {
      "client_info": {
        "mobilesdk_app_id": "1:874207784080:android:d8d5dab07821ea14",
        "android_client_info": {
          "package_name": "e.quarks.alzhelp"
        }
      },
      "oauth_client": [
        {
          "client_id": "874207784080-48j8s8u8g2qqta13u9s8nu2i1p5d5ase.apps.googleusercontent.com",
          "client_type": 1,
          "android_info": {
            "package_name": "e.quarks.alzhelp",
            "certificate_hash": "538ba3695b983a2b4406aa18b92192896417f6b2"
          }
        }
      ],
      "api_key": [
        {
          "current_key": "AIzaSyCacouMlgOz2Xa1PDSADZoGu5XROk2NBmM"
        }
      ],
      "services": {
        "appinvite_service": {
          "other_platform_oauth_client": [
            {
              "client_id": "874207784080-rkb83jh42s4coloi6ee4ubjv8qd62h4j.apps.googleusercontent.com",
              "client_type": 3
            }
          ]
        }
      }
    }
  ],
  "configuration_version": "1"
}