{
  "project_info": {
    "project_number": "104709492267",
    "firebase_url": "https://whoismore-8ded3.firebaseio.com",
    "project_id": "whoismore-8ded3",
    "storage_bucket": "whoismore-8ded3.appspot.com"
  },
  "client": [
    {
      "client_info": {
        "mobilesdk_app_id": "1:104709492267:android:16c31edb316cdcf2",
        "android_client_info": {
          "package_name": "e.quarks.whoismore"
        }
      },
      "oauth_client": [
        {
          "client_id": "104709492267-mjq8r38p26qgfdn50sndo0d53h0c8gfu.apps.googleusercontent.com",
          "client_type": 1,
          "android_info": {
            "package_name": "e.quarks.whoismore",
            "certificate_hash": "538ba3695b983a2b4406aa18b92192896417f6b2"
          }
        },
        {
          "client_id": "104709492267-pulu43pjvmf0sgpr1nvhqv1n3q0b1ho4.apps.googleusercontent.com",
          "client_type": 3
        }
      ],
      "api_key": [
        {
          "current_key": "AIzaSyAgLNiLhptQEGsdZcsBEFNDINbO38i8gws"
        }
      ],
      "services": {
        "appinvite_service": {
          "other_platform_oauth_client": [
            {
              "client_id": "104709492267-pulu43pjvmf0sgpr1nvhqv1n3q0b1ho4.apps.googleusercontent.com",
              "client_type": 3
            }
          ]
        }
      }
    }
  ],
  "configuration_version": "1"
}